numBook,name,lastname,age,gender,numDoc,cityResident
484744,Mayne,Landis,58,Genderfluid,64093767,Quinua
152555,Kory,Parren,29,Non-binary,29849812,Paris 17
872447,Therine,Corre,51,Genderqueer,52270583,Beishan
186632,Coralyn,Looks,80,Agender,58965538,København
579798,Philipa,Admans,48,Polygender,75025250,Kerek
770727,Lori,Soane,77,Polygender,97240800,Werinama
775498,Terese,Dussy,74,Male,55323917,Miami
346789,Tabby,Velareal,26,Polygender,23363592,Sanguanzhai
259448,Natalya,Rozalski,79,Bigender,94345937,San Juan
300416,Kata,Govinlock,55,Genderqueer,57482373,Borzechów
152464,Alfred,Helix,50,Male,55566022,Zhaowu
801999,Neel,Stevings,23,Genderfluid,19373447,Changwon
567245,Ruthy,Aneley,80,Female,79809296,Kharkiv
998578,Trudey,Woofenden,33,Genderfluid,93079728,Peso da Régua
576112,Prentiss,Dufaire,37,Male,30737659,Tieling
378575,Aldridge,Tenby,40,Male,57832757,Pysznica
111768,Goldy,Velde,62,Agender,11181302,Jingxi
609443,Hasheem,Rookledge,24,Polygender,58211333,"Las Vegas, Santa Barbara"
526775,Alia,Glayzer,53,Female,14154467,Oro Timur
585685,Anatola,Scurrey,80,Female,66547688,Xinqiaohe
351648,Aidan,Myall,72,Genderfluid,47497269,Gangshangji
451193,Dick,McNuff,65,Genderqueer,34111605,El Real
545341,Kelli,Beake,58,Bigender,15847401,Bratsigovo
957768,Leeland,Starbuck,44,Genderfluid,97631290,Aghavnadzor
734734,Linc,Mercer,76,Male,49408852,Smolyan
627743,Gustie,Barrack,30,Genderfluid,72049240,Strzyżowice
252709,Eldin,Huebner,74,Agender,99340052,Tebara
437962,Agosto,Naylor,72,Non-binary,10245190,Nizwá
862731,Nicolis,Creffield,54,Agender,34607247,Urug
145340,Mead,Kidson,29,Polygender,70360690,Ścinawa
319067,Den,Dinneges,73,Genderfluid,15515003,Patos de Minas
293069,Odell,Long,57,Genderqueer,58418550,Subulussalam
449408,Lana,Betteridge,45,Male,43252050,Qaşr Hallāl
558360,Teresita,Jinkin,24,Genderfluid,28944610,Maripa
304780,Catherina,Paylor,78,Genderqueer,44115278,Huddinge
978887,Annabela,Grafom,53,Non-binary,81773171,Haodian
845234,Misti,Boome,77,Non-binary,35590752,Nancang
396916,Beckie,Kiehne,62,Female,28764649,Takeshiken
759486,Sunshine,Test,31,Agender,48745443,Vol’nyy Aul
857476,Helene,Willson,21,Genderqueer,70442169,Pingxiang
990059,Babbie,Lanaway,41,Genderfluid,54676829,Phoenix
756567,Culver,Widd,55,Female,97135837,Balibagan Oeste
462195,Sheela,Willgress,66,Agender,58534388,Gunungsubang
169612,Katherine,Kull,33,Bigender,71545891,Dahe
805811,Donavon,Jerke,38,Agender,78571007,Belyayevka
801812,Cherilyn,Blades,18,Bigender,50252074,Lanlongkou
379131,Noah,Treven,32,Genderfluid,71603196,Stockholm
269848,Davida,Emlin,38,Polygender,55632660,Lincha
307673,Drake,Sawday,70,Genderfluid,82323277,Grimstad
740600,Marrissa,Barlow,52,Genderfluid,99245623,Cikubang
780535,Ginger,Probert,42,Genderqueer,14238565,Esperanza
299553,Harlene,Malpass,76,Genderqueer,51444326,Ciechanowiec
905952,Florence,Lanchbury,52,Genderqueer,92810719,Liwu
121038,Kevina,Ledward,61,Bigender,68374792,Gorzów Wielkopolski
571998,Livvy,Dulson,51,Genderfluid,82056694,Nyeri
722440,Zorah,Persich,70,Bigender,49850794,Dhangarhi
219990,Filippo,Craine,21,Genderfluid,49810998,Shiqiao
163044,Zara,Hartnup,51,Polygender,68373280,Boju
611242,Branden,Gierth,55,Genderqueer,85580399,Lubaczów
862620,Hoebart,Verrier,45,Male,31059011,Bopu
127228,Jamesy,Jillitt,44,Genderqueer,92840703,Spasskoye-Lutovinovo
879942,Lorant,Edowes,53,Agender,66984255,Bangluo
760298,Dominica,Twiddle,70,Polygender,32928415,Beixinjie
612874,Pattin,Stafford,30,Agender,68788264,San Francisco
473077,Edita,Swin,76,Genderqueer,92039107,Emnambithi-Ladysmith
830762,Kirbie,Sconce,27,Bigender,61539977,New Shagunnu
606343,Lucita,Strephan,70,Female,60103549,Ryazanskiy
928292,Jerad,Paxeford,79,Agender,61847624,Puncakwangi
266435,Norton,Jordi,71,Female,77856521,Bektemir
811433,Donn,Misselbrook,55,Agender,46383493,Åhus
457189,Damaris,McNeigh,79,Polygender,78078324,Kisarazu
945595,Emmey,Flode,34,Polygender,10039883,Junín
927045,Frederik,Lutwyche,61,Non-binary,70001131,Inongo
634912,Torey,Soigne,32,Agender,91014394,Vistino
473492,Tommie,Charnley,20,Genderfluid,70566294,Komga
391571,Tully,Renison,49,Non-binary,28461376,Olavarría
981211,Dehlia,Scrane,41,Non-binary,67563735,Banes
159449,Edgar,Filippone,27,Agender,76841650,Los Angeles
162844,Camile,Rigby,25,Genderqueer,88168422,Gongji
708225,Paule,Stirzaker,71,Agender,44197470,Olszyna
516408,Flossy,Blemings,19,Non-binary,97511392,Uychi
315503,Averil,Lowater,41,Male,26621849,Tonshayevo
808928,Enos,Longhirst,75,Female,60729268,Lalig
510280,Nobie,Banghe,55,Bigender,57070661,Montijo
489192,Janith,Lauridsen,72,Female,71479384,Vyatskiye Polyany
781959,Rabbi,Dackombe,73,Bigender,32029094,Sanxing
883647,Riva,Deverick,56,Genderqueer,57682202,Bogorodsk
933921,Christan,Gration,37,Genderfluid,87576163,Ołpiny
841415,Ellerey,Tatlow,53,Genderfluid,53188196,Unión de Reyes
349446,Kyla,Faley,49,Bigender,19678251,Pinellas Park
513288,Tabatha,Hailwood,32,Agender,76846555,Sakule
318079,Berry,Fittis,58,Genderqueer,48410771,Diapaga
299191,Agnesse,Roussel,53,Agender,16891387,Volzhsk
637093,Gilburt,Muge,61,Polygender,58948800,Marcara
345846,Barton,Steade,28,Genderfluid,80551674,Longxi
918365,Conway,Grebert,54,Genderfluid,38132678,Köneürgench
496546,Prissie,Skipping,38,Polygender,65369354,Pulo
815088,Burnaby,Atkyns,45,Bigender,86595579,Adelaide
176719,Charmine,Wretham,19,Genderqueer,77121337,Nyaungdon
447951,Madelene,Kindread,46,Genderqueer,82821826,Pedaringan
723868,Raynor,Hullin,70,Genderfluid,19770700,Cola
669726,Antonie,McCarty,77,Male,11226938,Novosibirsk
753158,Patrica,Lermouth,38,Female,60222935,Las Varillas
559431,Margarette,Kilborn,38,Polygender,28253713,Ängelholm
482938,Chariot,Gozzard,51,Polygender,45311159,Tuanlin
254275,Mireille,Geindre,21,Genderqueer,16065863,Jorong Lauk
719639,Myranda,Birkmyre,49,Male,61844585,Borek
690790,Jolyn,Heistermann,20,Bigender,41400799,Santa Cecília
803578,Jackson,Rubica,22,Female,58055041,Yalukou
375491,Artemis,Woollends,69,Genderfluid,66663929,Selasari
156654,Arnoldo,Chappelow,23,Male,77122408,San Francisco
705514,Sasha,McKeller,53,Female,26239456,Mirões
403811,Corbet,Lankester,78,Genderqueer,87463420,Talibura
357169,Dean,Tuckett,72,Agender,53584360,Dunaújváros
156600,Mathe,Averies,52,Polygender,49635117,Viengxay
411907,Jody,Krugmann,78,Bigender,91239556,Goiás
658062,Tyne,Cameli,67,Genderqueer,97095333,Parkent
387277,Dyanne,Girdler,51,Agender,74635226,Baalbek
727949,Jaquelin,Grigori,74,Genderfluid,90745782,Lemende
682889,Giacopo,Mulvany,39,Male,44107706,Al Balyanā
892446,Kaitlynn,Nordass,46,Agender,98435706,Sanhui
661334,Lurleen,Hoffmann,34,Bigender,94704232,Karlskoga
529675,Roddie,Giovanazzi,37,Genderqueer,84646654,Al Metlaoui
988259,Ivonne,Presidey,57,Male,34780822,Chiang Mai
352117,Carrie,Fearfull,52,Male,30985175,Uíge
711822,Patsy,Beckey,26,Male,18093435,Khorol
629708,Lorelle,Stairmand,23,Female,97333279,Vologda
597977,Towney,Fludder,62,Female,15899686,Padangpanjang
862825,Nickey,Joselevitz,56,Genderqueer,85544393,La Esperanza
293393,Brett,Dorro,28,Male,78432105,Bicurga
797653,Trip,McAless,49,Female,98499701,Rennebu
622860,Rachel,Pellatt,27,Male,13116256,Villanova
116988,Burr,de Keep,53,Non-binary,37999307,Chlewiska
516148,Ursula,Gilstin,61,Non-binary,82460299,Kilifi
526855,Nevile,Rivitt,46,Bigender,44179153,Napak
464350,Franny,Hiorn,51,Female,21118666,Watrous
954535,Maurizia,Joslyn,60,Male,87721251,Dingli
282603,Brittni,Worral,48,Non-binary,81702185,Varginha
641197,Vincenz,Ferencowicz,77,Female,28483273,Tianhu
871771,Agnese,Tebbit,22,Genderqueer,65824439,San Juan
760224,Lorilee,Halburton,68,Genderfluid,95670526,Marttila
231134,Bridget,Bourdon,29,Genderfluid,48512718,Yuscarán
219004,Karilynn,Tippetts,79,Non-binary,39857098,Sendung
888033,Quinn,Blacklock,21,Non-binary,53309201,Bykivka
187285,Kevon,Daventry,20,Polygender,16274000,Xiangrong
158887,Lynett,Ledbury,49,Polygender,45667175,Danidehe
607440,Hugibert,Dunhill,55,Female,94889997,Gisiliba
877286,Mayor,de Juares,21,Genderfluid,31529690,Lashkar Gāh
302787,Inger,Losemann,28,Bigender,38515991,Sumberejo
326548,Ev,Nanni,66,Non-binary,11780388,Cikupa
208551,Karia,Jerrans,72,Bigender,66184221,Lesogorsk
644426,Elianore,Randalson,32,Bigender,90104710,Cẩm Phả
262015,Woodman,Gutowski,39,Polygender,63296400,Felege Neway
785983,Lynnea,Stabbins,33,Female,91359703,Costeira do Pirajubae
274278,Carlye,Abrahamovitz,67,Male,32642635,Recreio
386985,Frederich,Antonov,59,Genderqueer,58138350,Caen
875150,Wheeler,Jakubowsky,77,Female,21943224,Leping
956093,Bobbi,Phuprate,71,Genderqueer,64099328,Zhouyuan
652941,Kristoforo,Sherston,57,Genderfluid,56180012,Sanmiaoqian
740365,Vidovic,Welsh,58,Female,94723597,Arraga
955766,Eberto,Kubicki,28,Polygender,87660097,Jendouba
259032,Linell,Idell,31,Female,39059162,Karlskoga
520926,Osbert,Bishop,64,Non-binary,18318397,Shelabolikha
828316,Alonso,Pockett,24,Male,89573016,Janaka
533147,Nathan,Draisey,72,Agender,62945034,San Pedro Masahuat
275906,Ernesto,Farmloe,58,Genderqueer,82287866,Gongdao
988857,Klarika,Peyto,19,Bigender,11087541,Martensville
531151,Laural,Raggatt,77,Non-binary,91364330,Misungwi
235677,Pascale,Labrow,64,Non-binary,22739007,Mandala
884541,Rutherford,Labarre,64,Bigender,60181332,Tanjung
983680,Christye,Greenig,19,Agender,19738850,Lakota
579557,Bernhard,Muckle,39,Polygender,58176676,Rerawere
705258,Corby,Gabbat,33,Genderqueer,28001928,Pickering
756994,Hollie,Spurriar,38,Female,34018932,Dingjiayao
305515,Mozelle,Norquoy,60,Female,59758983,Kaum
671780,Henri,Conibeer,22,Female,89320911,Potiskum
821295,Joleen,Cashell,58,Non-binary,39303108,Sobeok
850245,Edi,De Lascy,36,Genderfluid,17837940,Kanazawa-shi
995794,Florella,O'Dreain,49,Genderqueer,24068495,Tanjungampalu
187737,Aprilette,Biasi,35,Non-binary,19805680,Nantes
348940,Nikolai,Bridgman,18,Agender,32012425,Panzhuang
628076,Celina,Hurch,80,Genderqueer,46029826,Megati Kelod
904966,Andee,Cready,25,Male,56433800,Mērsrags
257451,Michail,Wenderott,44,Male,20777689,Zliv
447235,Dominic,Stappard,19,Polygender,62239590,Viñac
283729,Horton,Gaine,52,Bigender,59893875,Bagarmossen
306040,Rich,Dimblebee,78,Female,69809085,Shuimen
728524,Denyse,Astley,42,Polygender,96901595,Tugu
910300,Timoteo,Pavluk,69,Female,26345753,Tianzhou
541272,Stephani,Moreing,70,Genderfluid,82408562,La Loma
620915,Willis,Hehnke,60,Agender,99564539,Tiên Lãng
660333,Stinky,Houtby,25,Female,40366121,Dobra
423754,Thia,Humpherson,74,Non-binary,49553358,Mégara
195481,Conni,Phillis,39,Agender,72906533,Mora
161822,Jackie,Hunnicutt,67,Bigender,11391944,Huaribamba
939979,Michelina,Pervew,69,Non-binary,61658226,Périgny
692819,Baxie,Gibbetts,69,Genderqueer,30498424,Eslāmābād
942779,Micah,Ivanikov,34,Non-binary,98822554,Ossora
569330,Farlee,Cossem,64,Bigender,30043761,Mar del Plata
167610,Ron,Snowball,72,Male,48410459,Toksovo
